id,full_name,role,experience_years,skills,bio
1,Alice Johnson,Senior Data Scientist,6,"Python,Pandas,PyTorch,SQL","Specializes in predictive modeling and NLP for financial fraud detection. Experienced in leading small research teams."
2,Bob Smith,Backend Engineer,4,"Java,Spring Boot,PostgreSQL,Redis","Builds high-performance microservices for e-commerce platforms. Expert in database optimization and caching strategies."
3,Charlie Davis,Frontend Developer,2,"React,TypeScript,Tailwind CSS,Figma","Creative developer focused on accessible UI/UX design. Loves building responsive dashboards and interactive animations."
4,Diana Prince,Product Manager,8,"Agile,Jira,Scrum,Roadmapping","Certified Scrum Master with a track record of delivering enterprise SaaS products. Strong stakeholder management and risk analysis skills."
5,Ethan Hunt,DevOps Engineer,5,"AWS,Terraform,Docker,Kubernetes","Cloud infrastructure expert. Automates CI/CD pipelines and ensures 99.9% system uptime using Infrastructure as Code."
6,Fiona Gallagher,Junior Web Developer,1,"HTML,CSS,JavaScript,Vue.js","Bootcamp graduate with a passion for frontend development. Quick learner, currently building a portfolio of responsive websites."
7,George Miller,Mobile App Developer,3,"Swift,iOS,Objective-C,CoreData","Native iOS developer with experience in publishing apps to the App Store. Focus on smooth animations and offline data sync."
8,Hannah Lee,QA Automation Engineer,4,"Selenium,Python,Jenkins,PyTest","Builds automated testing frameworks for regression testing. Ensures software quality through continuous integration checks."
9,Ian Wright,Security Analyst,6,"Cybersecurity,Penetration Testing,Kali Linux,Network Security","Certified Ethical Hacker (CEH) specializing in vulnerability assessment and network hardening for banking systems."
10,Julia Roberts,HR Specialist,5,"Recruiting,LinkedIn,Workday,Employee Relations","Human resources professional focused on technical talent acquisition and company culture improvement."
11,Kevin Hart,Database Administrator,7,"Oracle,SQL Server,PL/SQL,Backup & Recovery","Manages large-scale enterprise databases. Expert in performance tuning, replication, and disaster recovery planning."
12,Liam Neeson,Senior Python Developer,9,"Python,Django,FastAPI,Celery","Veteran backend developer architecting distributed systems. Mentors junior devs and enforces code quality standards."
13,Mia Wallace,UX Researcher,4,"User Testing,Wireframing,Sketch,Data Analysis","Conducts user interviews and usability testing to inform design decisions. Translates user needs into actionable product features."
14,Noah Centineo,Junior Data Analyst,1,"Excel,Tableau,SQL,PowerBI","Recent graduate with strong analytical skills. Creates data visualizations to help marketing teams track campaign performance."
15,Olivia Wilde,Machine Learning Engineer,3,"TensorFlow,Keras,Python,Computer Vision","Implements deep learning models for image recognition tasks. optimizing models for edge deployment."
16,Peter Parker,Full Stack Developer,2,"Node.js,React,MongoDB,Express","Versatile developer handling both client and server-side logic. Thrives in fast-paced startup environments."
17,Quinn Fabray,Marketing Manager,6,"SEO,Google Analytics,Content Strategy,HubSpot","Digital marketing strategist driving organic growth through SEO and content marketing campaigns."
18,Ryan Reynolds,Cloud Architect,10,"Azure,AWS,Google Cloud,System Design","Designs scalable and secure cloud architectures for global enterprises. Expert in hybrid cloud migrations."
19,Sarah Connor,Cybersecurity Engineer,5,"Firewalls,VPN,Splunk,Incident Response","Monitors network traffic for suspicious activity and leads incident response teams during security breaches."
20,Tony Stark,CTO,15,"Strategic Planning,Leadership,System Architecture,Innovation","Visionary technology leader with a history of scaling startups to unicorns. Oversees technical strategy and R&D."
21,Uma Thurman,Blockchain Developer,3,"Solidity,Ethereum,Smart Contracts,Web3.js","Builds decentralized applications (dApps) and secure smart contracts for the DeFi ecosystem."
22,Victor Stone,Data Engineer,4,"Apache Spark,Hadoop,Scala,ETL Pipelines","Builds big data pipelines to ingest and process terabytes of data daily. Ensures data quality and availability."
23,Wanda Maximoff,Frontend Architect,8,"React,Redux,Webpack,Performance Tuning","Expert in frontend performance optimization and state management. Sets architectural standards for large frontend teams."
24,Xander Cage,Game Developer,3,"Unity,C#,3D Modeling,Physics Engines","Indie game developer with experience in gameplay programming and physics simulations."
25,Yara Shahidi,Technical Writer,4,"Documentation,Markdown,API Reference,Git","Translates complex technical concepts into clear, concise documentation for developers and end-users."
26,Zack Snyder,Video Editor,5,"Adobe Premiere,After Effects,Color Grading,Storytelling","Creative video editor producing high-quality promotional content and tutorials for tech products."
27,Abby Sciuto,Forensic Analyst,6,"Digital Forensics,EnCase,Evidence Handling,Reporting","Analyzes digital evidence for legal cases. Expert in recovering deleted data and tracing cybercrimes."
28,Bruce Banner,Research Scientist,10,"R,Statistics,Bioinformatics,Data Modeling","PhD researcher applying statistical methods to biological data. Publishes papers in top-tier scientific journals."
29,Clark Kent,Journalist,5,"Copywriting,Editing,Research,Interviewing","Investigative journalist covering the tech industry. Strong ability to synthesize complex information into engaging stories."
30,Daphne Blake,Business Analyst,3,"Requirements Gathering,UML,Process Mapping,Visio","Bridges the gap between business stakeholders and technical teams. Documents requirements and defines project scope."